"SISRecID_BLVr9","TipLabel_BirdTree","Common.name_BirdTree","TipLabel_BLVr9","Common.name_BLVr9","Order","BLFamilyEnglish","n.records","n.distinct.Source","n.distinct.Site","n.distinct.Age.Class","n.distinct.Date_Text","n.sampled.birds","min.n","max.n","median.n","mean.n","var.n","sd.n","wtd.mean.FO","wtd.var.FO"
"22680459","Bucephala_islandica","Barrow's Goldeneye","Bucephala_islandica","Barrow's Goldeneye","ANSERIFORMES","Ducks, geese, swans",2,2,2,2,2,19,2,17,9.5,9.5,112.5,10.6066017177982,0,0
"22680405","Somateria_mollissima","Common Eider","Somateria_mollissima","Common Eider","ANSERIFORMES","Ducks, geese, swans",9,3,5,3,7,1040,10,388,100,115.555555555556,16207.0277777778,127.306825338541,0.002,0
"22680398","Aythya_marila","Greater Scaup","Aythya_marila","Greater Scaup","ANSERIFORMES","Ducks, geese, swans",2,2,2,2,2,4,1,3,2,2,2,1.4142135623731,0,0
"22680423","Histrionicus_histrionicus","Harlequin Duck","Histrionicus_histrionicus","Harlequin Duck","ANSERIFORMES","Ducks, geese, swans",2,2,2,2,2,7,1,6,3.5,3.5,12.5,3.53553390593274,0,0
"22680409","Somateria_spectabilis","King Eider","Somateria_spectabilis","King Eider","ANSERIFORMES","Ducks, geese, swans",3,1,2,2,3,54,3,41,10,18,409,20.2237484161567,0,0
"22680427","Clangula_hyemalis","Long-tailed Duck","Clangula_hyemalis","Long-tailed Duck","ANSERIFORMES","Ducks, geese, swans",2,2,2,1,2,38,11,27,19,19,128,11.3137084989848,0,0
"22680441","Melanitta_perspicillata","Surf Scoter","Melanitta_perspicillata","Surf Scoter","ANSERIFORMES","Ducks, geese, swans",3,3,3,2,3,51,2,38,11,17,351,18.7349939951952,0,0
"22724836","Melanitta_fusca","Velvet Scoter","Melanitta_fusca","Velvet Scoter","ANSERIFORMES","Ducks, geese, swans",1,1,1,1,1,5,5,5,5,5,NA,NA,0,NA
"22694716","Sterna_aleutica","Aleutian Tern","Onychoprion_aleuticus","Aleutian Tern","CHARADRIIFORMES","Gulls, terns, skimmers",1,1,1,1,1,8,8,8,8,8,NA,NA,0,NA
"22694896","Synthliboramphus_antiquus","Ancient Murrelet","Synthliboramphus_antiquus","Ancient Murrelet","CHARADRIIFORMES","Auks",3,3,2,2,3,89,5,68,16,29.6666666666667,1132.33333333333,33.6501609703926,0,0
"22694635","Sterna_vittata","Antarctic Tern","Sterna_vittata","Antarctic Tern","CHARADRIIFORMES","Gulls, terns, skimmers",3,2,3,2,2,21,4,12,5,7,19,4.35889894354067,0,0
"22694245","Stercorarius_parasiticus","Arctic Jaeger","Stercorarius_parasiticus","Arctic Jaeger","CHARADRIIFORMES","Skuas",4,4,4,3,4,6,1,2,1.5,1.5,0.333333333333333,0.577350269189626,0.5,0.1
"22694629","Sterna_paradisaea","Arctic Tern","Sterna_paradisaea","Arctic Tern","CHARADRIIFORMES","Gulls, terns, skimmers",4,3,4,2,3,66,10,21,17.5,16.5,29.6666666666667,5.44671154612273,0,0
"22694927","Fratercula_arctica","Atlantic Puffin","Fratercula_arctica","Atlantic Puffin","CHARADRIIFORMES","Auks",10,6,8,5,8,393,1,315,4,39.3,9501.34444444444,97.4748400585733,0.122,0.009
"22694313","Larus_audouinii","Audouin's Gull","Larus_audouinii","Audouin's Gull","CHARADRIIFORMES","Gulls, terns, skimmers",1,1,1,1,1,15,15,15,15,15,NA,NA,0.13,NA
"22694861","Cepphus_grylle","Black Guillemot","Cepphus_grylle","Black Guillemot","CHARADRIIFORMES","Auks",3,3,3,2,3,24,1,20,3,8,109,10.4403065089106,0,0
"22694799","Anous_minutus","Black Noddy","Anous_minutus","Black Noddy","CHARADRIIFORMES","Gulls, terns, skimmers",2,2,2,2,2,529,35,494,264.5,264.5,105340.5,324.562012564625,0.002,0
"22694787","Chlidonias_niger","Black Tern","Chlidonias_niger","Black Tern","CHARADRIIFORMES","Gulls, terns, skimmers",1,1,1,1,1,2,2,2,2,2,NA,NA,0,NA
"22694420","Larus_ridibundus","Black-headed Gull","Larus_ridibundus","Black-headed Gull","CHARADRIIFORMES","Gulls, terns, skimmers",2,2,2,2,2,10,1,9,5,5,32,5.65685424949238,0.298,0.061
"22694497","Rissa_tridactyla","Black-legged Kittiwake","Rissa_tridactyla","Black-legged Kittiwake","CHARADRIIFORMES","Gulls, terns, skimmers",11,10,9,3,9,546,4,256,11,60.6666666666667,8862.25,94.1395241118203,0.076,0.003
"22694289","Larus_crassirostris","Black-tailed Gull","Larus_crassirostris","Black-tailed Gull","CHARADRIIFORMES","Gulls, terns, skimmers",1,1,1,1,1,19,19,19,19,19,NA,NA,1,NA
"22727746","Procelsterna_cerulea","Blue Noddy","Procelsterna_cerulea","Blue Noddy","CHARADRIIFORMES","Gulls, terns, skimmers",2,2,2,2,2,114,3,111,57,57,5832,76.3675323681471,0,0
"22694432","Larus_philadelphia","Bonaparte's Gull","Larus_philadelphia","Bonaparte's Gull","CHARADRIIFORMES","Gulls, terns, skimmers",1,1,1,1,1,4,4,4,4,4,NA,NA,0,NA
"22694794","Anous_stolidus","Brown Noddy","Anous_stolidus","Brown Noddy","CHARADRIIFORMES","Gulls, terns, skimmers",7,4,5,4,5,409,1,354,2,58.4285714285714,17145.9523809524,130.942553743817,0,0
"62289571","Catharacta_antarctica","Brown Skua","Catharacta_antarctica","Brown Skua","CHARADRIIFORMES","Skuas",4,4,4,2,3,512,3,494,7.5,128,59548.6666666667,244.025954903708,0.223,0.001
"22694903","Ptychoramphus_aleuticus","Cassin's Auklet","Ptychoramphus_aleuticus","Cassin's Auklet","CHARADRIIFORMES","Auks",5,3,2,4,3,214,10,92,38,42.8,898.7,29.9783255036034,0.37,0.018
"22694841","Uria_aalge","Common Murre","Uria_aalge","Common Murre","CHARADRIIFORMES","Auks",11,7,7,4,8,487,1,191,15,44.2727272727273,3830.21818181818,61.8887565056706,0.015,0.001
"22694623","Sterna_hirundo","Common Tern","Sterna_hirundo","Common Tern","CHARADRIIFORMES","Gulls, terns, skimmers",7,2,2,3,4,35,1,13,3,5,17.6666666666667,4.20317340430616,0.029,0.005
"22694821","Gygis_alba","Common White Tern","Gygis_alba","Common White Tern","CHARADRIIFORMES","Gulls, terns, skimmers",5,5,5,4,5,287,1,241,8,57.4,10725.3,103.56302428956,0.003,0
"22694915","Aethia_cristatella","Crested Auklet","Aethia_cristatella","Crested Auklet","CHARADRIIFORMES","Auks",30,3,4,3,16,1236,1,103,36,41.2,579.751724137931,24.0780340588249,0.001,0
"62030608","Larus_argentatus","European Herring Gull","Larus_argentatus","European Herring Gull","CHARADRIIFORMES","Gulls, terns, skimmers",3,2,2,3,2,44,4,27,13,14.6666666666667,134.333333333333,11.5902257671425,0.526,0.02
"22694691","Sterna_nereis","Fairy Tern","Sternula_nereis","Fairy Tern","CHARADRIIFORMES","Gulls, terns, skimmers",1,1,1,1,1,1,1,1,1,1,NA,NA,0,NA
"22694343","Larus_hyperboreus","Glaucous Gull","Larus_hyperboreus","Glaucous Gull","CHARADRIIFORMES","Gulls, terns, skimmers",2,2,2,2,2,51,18,33,25.5,25.5,112.5,10.6066017177982,0.019,0
"22694334","Larus_glaucescens","Glaucous-winged Gull","Larus_glaucescens","Glaucous-winged Gull","CHARADRIIFORMES","Gulls, terns, skimmers",4,4,3,2,4,681,8,589,42,170.25,78484.9166666667,280.151595866714,0.107,0.002
"22694324","Larus_marinus","Great Black-backed Gull","Larus_marinus","Great Black-backed Gull","CHARADRIIFORMES","Gulls, terns, skimmers",3,2,2,3,2,12,1,7,4,4,9,3,0.501,0.049
"22694160","Catharacta_skua","Great Skua","Catharacta_skua","Great Skua","CHARADRIIFORMES","Skuas",3,3,3,2,3,650,2,483,165,216.666666666667,59842.3333333333,244.62692683622,0.18,0.005
"22694571","Sterna_bergii","Greater Crested Tern","Thalasseus_bergii","Great Crested Tern","CHARADRIIFORMES","Gulls, terns, skimmers",3,2,2,3,2,15,1,12,2,5,37,6.08276253029822,0,0
"22694722","Sterna_lunata","Grey-backed Tern","Onychoprion_lunatus","Grey-backed Tern","CHARADRIIFORMES","Gulls, terns, skimmers",5,4,4,4,4,317,5,272,10,63.4,13665.3,116.898674072891,0,0
"62101215","Synthliboramphus_hypoleucus","Guadalupe Murrelet","Synthliboramphus_hypoleucus","Guadalupe Murrelet","CHARADRIIFORMES","Auks",1,1,1,1,1,6,6,6,6,6,NA,NA,0,NA
"22694393","Larus_hartlaubii","Hartlaub's Gull","Larus_hartlaubii","Hartlaub's Gull","CHARADRIIFORMES","Gulls, terns, skimmers",1,1,1,1,1,13,13,13,13,13,NA,NA,0,NA
"22694296","Larus_heermanni","Heermann's Gull","Larus_heermanni","Heermann's Gull","CHARADRIIFORMES","Gulls, terns, skimmers",3,2,2,1,2,20,5,15,10,10,50,7.07106781186548,0.082,0.002
"22694931","Fratercula_corniculata","Horned Puffin","Fratercula_corniculata","Horned Puffin","CHARADRIIFORMES","Auks",4,4,3,2,4,296,28,148,120,98.6666666666667,3941.33333333333,62.7800392906323,0.388,0.003
"22694346","Larus_glaucoides","Iceland Gull","Larus_glaucoides","Iceland Gull","CHARADRIIFORMES","Gulls, terns, skimmers",2,2,2,2,2,3,1,2,1.5,1.5,0.5,0.707106781186548,0.667,0.333
"22694473","Pagophila_eburnea","Ivory Gull","Pagophila_eburnea","Ivory Gull","CHARADRIIFORMES","Gulls, terns, skimmers",1,1,1,1,1,1,1,1,1,1,NA,NA,0,NA
"22694329","Larus_dominicanus","Kelp Gull","Larus_dominicanus","Kelp Gull","CHARADRIIFORMES","Gulls, terns, skimmers",8,4,4,4,6,86,2,52,5,12.2857142857143,326.238095238095,18.0620623196272,0.07,0.003
"22694875","Brachyramphus_brevirostris","Kittlitz's Murrelet","Brachyramphus_brevirostris","Kittlitz's Murrelet","CHARADRIIFORMES","Auks",2,2,1,2,2,22,5,17,11,11,72,8.48528137423857,0,0
"22694373","Larus_fuscus","Lesser Black-backed Gull","Larus_fuscus","Lesser Black-backed Gull","CHARADRIIFORMES","Gulls, terns, skimmers",8,2,2,4,4,64,1,21,7,8,45.7142857142857,6.76123403782813,0.25,0.043
"22694805","Anous_tenuirostris","Lesser Noddy","Anous_tenuirostris","Lesser Noddy","CHARADRIIFORMES","Gulls, terns, skimmers",1,1,1,1,1,3,3,3,3,3,NA,NA,0,NA
"22694837","Alle_alle","Little Auk","Alle_alle","Little Auk","CHARADRIIFORMES","Auks",7,6,6,2,3,310,11,171,22.5,51.6666666666667,3786.26666666667,61.5326471612157,0.355,0.078
"22694656","Sterna_albifrons","Little Tern","Sternula_albifrons","Little Tern","CHARADRIIFORMES","Gulls, terns, skimmers",4,1,2,1,2,4,1,1,1,1,0,0,0,0
"22694251","Stercorarius_longicaudus","Long-tailed Jaeger","Stercorarius_longicaudus","Long-tailed Jaeger","CHARADRIIFORMES","Skuas",2,2,2,1,2,4,2,2,2,2,0,0,0.25,0.083
"22694870","Brachyramphus_marmoratus","Marbled Murrelet","Brachyramphus_marmoratus","Marbled Murrelet","CHARADRIIFORMES","Auks",2,2,1,2,2,157,61,96,78.5,78.5,612.5,24.7487373415292,0,0
"22694443","Larus_melanocephalus","Mediterranean Gull","Larus_melanocephalus","Mediterranean Gull","CHARADRIIFORMES","Gulls, terns, skimmers",1,1,1,1,1,4,4,4,4,4,NA,NA,0.23,NA
"22694308","Larus_canus","Mew Gull","Larus_canus","Mew Gull","CHARADRIIFORMES","Gulls, terns, skimmers",4,3,2,2,3,18,4,10,4,6,12,3.46410161513775,0.111,0.016
"22694906","Aethia_psittacula","Parakeet Auklet","Aethia_psittacula","Parakeet Auklet","CHARADRIIFORMES","Auks",16,5,4,3,16,468,1,208,7,29.25,3062.86666666667,55.3431718161027,0.607,0.165
"22694864","Cepphus_columba","Pigeon Guillemot","Cepphus_columba","Pigeon Guillemot","CHARADRIIFORMES","Auks",3,3,2,3,3,62,1,43,18,20.6666666666667,446.333333333333,21.1266025033211,0.018,0
"22694240","Stercorarius_pomarinus","Pomarine Jaeger","Stercorarius_pomarinus","Pomarine Jaeger","CHARADRIIFORMES","Skuas",4,4,4,3,4,5,1,2,1,1.25,0.25,0.5,0,0
"22694852","Alca_torda","Razorbill","Alca_torda","Razorbill","CHARADRIIFORMES","Auks",5,3,4,3,3,27,1,15,2,5.4,37.3,6.10737259384099,0,0
"22693494","Phalaropus_fulicarius","Red Phalarope","Phalaropus_fulicarius","Red Phalarope","CHARADRIIFORMES","Sandpipers, snipes, phalaropes",6,5,3,2,5,34,1,20,4,6.8,59.7,7.72657750883274,0.248,0.111
"22694502","Rissa_brevirostris","Red-legged Kittiwake","Rissa_brevirostris","Red-legged Kittiwake","CHARADRIIFORMES","Gulls, terns, skimmers",2,2,1,2,2,61,15,46,30.5,30.5,480.5,21.920310216783,0.164,0.004
"22693490","Phalaropus_lobatus","Red-necked Phalarope","Phalaropus_lobatus","Red-necked Phalarope","CHARADRIIFORMES","Sandpipers, snipes, phalaropes",2,2,2,1,2,5,2,3,2.5,2.5,0.5,0.707106781186548,0.402,0.135
"22694924","Cerorhinca_monocerata","Rhinoceros Auklet","Cerorhinca_monocerata","Rhinoceros Auklet","CHARADRIIFORMES","Auks",7,6,4,4,7,93,1,26,10,13.2857142857143,88.5714285714286,9.4112394811432,0.054,0.016
"22694601","Sterna_dougallii","Roseate Tern","Sterna_dougallii","Roseate Tern","CHARADRIIFORMES","Gulls, terns, skimmers",1,1,1,1,1,1,1,1,1,1,NA,NA,0,NA
"22694542","Sterna_maxima","Royal Tern","Thalasseus_maximus","Royal Tern","CHARADRIIFORMES","Gulls, terns, skimmers",2,1,1,1,2,4,1,3,2,2,2,1.4142135623731,0,0
"22694479","Xema_sabini","Sabine's Gull","Xema_sabini","Sabine's Gull","CHARADRIIFORMES","Gulls, terns, skimmers",3,3,3,2,3,6,1,4,1,2,3,1.73205080756888,0,0
"22694591","Sterna_sandvicensis","Sandwich Tern","Thalasseus_sandvicensis","Sandwich Tern","CHARADRIIFORMES","Gulls, terns, skimmers",20,1,1,3,3,128,1,11,8,6.4,17.9368421052632,4.23519091721532,0,0
"62021891","Larus_novaehollandiae","Silver Gull","Larus_novaehollandiae","Silver Gull","CHARADRIIFORMES","Gulls, terns, skimmers",1,1,1,1,1,12,12,12,12,12,NA,NA,0.083,NA
"22694362","Larus_schistisagus","Slaty-backed Gull","Larus_schistisagus","Slaty-backed Gull","CHARADRIIFORMES","Gulls, terns, skimmers",1,1,1,1,1,1,1,1,1,1,NA,NA,0,NA
"22694740","Sterna_fuscata","Sooty Tern","Onychoprion_fuscatus","Sooty Tern","CHARADRIIFORMES","Gulls, terns, skimmers",7,6,6,5,6,518,1,356,35,74,15886.6666666667,126.042320934941,0.004,0
"22694618","Sterna_hirundinacea","South American Tern","Sterna_hirundinacea","South American Tern","CHARADRIIFORMES","Gulls, terns, skimmers",2,1,1,2,1,3,1,2,1.5,1.5,0.5,0.707106781186548,0,0
"22694218","Catharacta_maccormicki","South Polar Skua","Catharacta_maccormicki","South Polar Skua","CHARADRIIFORMES","Skuas",2,2,2,1,2,27,2,25,13.5,13.5,264.5,16.2634559672906,0.037,0.018
"22694847","Uria_lomvia","Thick-billed Murre","Uria_lomvia","Thick-billed Murre","CHARADRIIFORMES","Auks",16,9,12,3,14,2576,1,1249,26.5,161,95104.9333333333,308.390877513154,0.063,0.002
"22694934","Fratercula_cirrhata","Tufted Puffin","Fratercula_cirrhata","Tufted Puffin","CHARADRIIFORMES","Auks",5,5,3,3,5,846,1,489,178,211.5,60453.6666666667,245.873273591634,0.212,0.006
"22694918","Aethia_pygmaea","Whiskered Auklet","Aethia_pygmaea","Whiskered Auklet","CHARADRIIFORMES","Auks",16,3,2,3,16,516,5,71,31.5,32.25,203,14.247806848775,0.002,0
"62030970","Larus_michahellis","Yellow-legged Gull","Larus_michahellis","Yellow-legged Gull","CHARADRIIFORMES","Gulls, terns, skimmers",9,2,2,3,4,88,1,25,10,9.77777777777778,55.9444444444444,7.47960189077229,0.204,0.02
"22697842","Gavia_immer","Common Loon","Gavia_immer","Common Loon","GAVIIFORMES","Loons/divers",1,1,1,1,1,2,2,2,2,2,NA,NA,0,NA
"22697839","Gavia_pacifica","Pacific Loon","Gavia_pacifica","Pacific Loon","GAVIIFORMES","Loons/divers",1,1,1,1,1,2,2,2,2,2,NA,NA,0,NA
"22697829","Gavia_stellata","Red-throated Loon","Gavia_stellata","Red-throated Loon","GAVIIFORMES","Loons/divers",1,1,1,1,1,2,2,2,2,2,NA,NA,0,NA
"22697608","Pelecanus_conspicillatus","Australian Pelican","Pelecanus_conspicillatus","Australian Pelican","PELECANIFORMES","Pelicans",3,1,2,2,1,17,2,10,5,5.66666666666667,16.3333333333333,4.04145188432738,0.235,0.016
"22696641","Phaethon_rubricauda","Red-tailed Tropicbird","Phaethon_rubricauda","Red-tailed Tropicbird","PHAETHONTIFORMES","Tropicbirds",9,6,8,4,6,469,1,270,39,52.1111111111111,7166.86111111111,84.6573157565908,0.025,0.002
"22696645","Phaethon_lepturus","White-tailed Tropicbird","Phaethon_lepturus","White-tailed Tropicbird","PHAETHONTIFORMES","Tropicbirds",3,3,3,3,3,6,1,3,2,2,1,1,0.166,0.033
"22697875","Thalassoica_antarctica","Antarctic Petrel","Thalassoica_antarctica","Antarctic Petrel","PROCELLARIIFORMES","Petrels, shearwaters",7,4,7,3,4,226,1,66,30,32.2857142857143,519.238095238095,22.786796511096,0.017,0.005
"22698114","Pachyptila_desolata","Antarctic Prion","Pachyptila_desolata","Antarctic Prion","PROCELLARIIFORMES","Petrels, shearwaters",20,6,10,4,10,146,1,88,1,7.68421052631579,438.005847953216,20.9285892489966,0.507,0.071
"22728318","Diomedea_antipodensis","Antipodean Albatross","Diomedea_antipodensis","Antipodean Albatross","PROCELLARIIFORMES","Albatrosses",4,2,4,1,3,5,1,2,1,1.25,0.25,0.5,0.2,0.075
"22698084","Pterodroma_incerta","Atlantic Petrel","Pterodroma_incerta","Atlantic Petrel","PROCELLARIIFORMES","Petrels, shearwaters",3,3,3,2,3,37,4,20,13,12.3333333333333,64.3333333333333,8.02080627701064,0.081,0.001
"22698425","Thalassarche_chlororhynchos","Atlantic Yellow-nosed Albatross","Thalassarche_chlororhynchos","Atlantic Yellow-nosed Albatross","PROCELLARIIFORMES","Albatrosses",11,10,8,4,11,203,1,87,9,18.4545454545455,595.072727272727,24.394112553498,0.073,0.014
"22728432","Puffinus_mauretanicus","Balearic Shearwater","Puffinus_mauretanicus","Balearic Shearwater","PROCELLARIIFORMES","Petrels, shearwaters",1,1,1,1,1,46,46,46,46,46,NA,NA,0.7,NA
"22735803","Oceanodroma_castro","Band-rumped Storm-petrel","Hydrobates_castro","Band-rumped Storm-petrel","PROCELLARIIFORMES","Northern storm-petrels",2,2,2,1,2,14,7,7,7,7,0,0,0,0
"22698150","Procellaria_parkinsoni","Black Petrel","Procellaria_parkinsoni","Black Petrel","PROCELLARIIFORMES","Petrels, shearwaters",5,3,2,2,3,8,1,4,1.5,2,2,1.4142135623731,0.125,0.125
"22698557","Oceanodroma_melania","Black Storm-petrel","Hydrobates_melania","Black Storm-petrel","PROCELLARIIFORMES","Northern storm-petrels",1,1,1,1,1,2,2,2,2,2,NA,NA,0,NA
"22698459","Fregetta_tropica","Black-bellied Storm-petrel","Fregetta_tropica","Black-bellied Storm-petrel","PROCELLARIIFORMES","Southern storm-petrels",2,2,2,2,2,7,1,6,3.5,3.5,12.5,3.53553390593274,0,0
"22698375","Thalassarche_melanophrys","Black-browed Albatross","Thalassarche_melanophris","Black-browed Albatross","PROCELLARIIFORMES","Albatrosses",19,12,13,4,16,420,1,157,2,22.1052631578947,1395.65497076023,37.3584658512664,0.122,0.041
"22698350","Phoebastria_nigripes","Black-footed Albatross","Phoebastria_nigripes","Black-footed Albatross","PROCELLARIIFORMES","Albatrosses",10,7,8,2,6,271,1,110,29,30.1111111111111,1122.36111111111,33.5016583337469,0.686,0.053
"22697954","Pterodroma_nigripennis","Black-winged Petrel","Pterodroma_nigripennis","Black-winged Petrel","PROCELLARIIFORMES","Petrels, shearwaters",4,3,4,3,4,105,1,66,19,26.25,990.25,31.4682379551191,0.038,0
"22698102","Halobaena_caerulea","Blue Petrel","Halobaena_caerulea","Blue Petrel","PROCELLARIIFORMES","Petrels, shearwaters",7,6,6,2,5,164,1,74,27,32.8,785.2,28.0214203779894,0.797,0.05
"22697967","Pterodroma_hypoleuca","Bonin Petrel","Pterodroma_hypoleuca","Bonin Petrel","PROCELLARIIFORMES","Petrels, shearwaters",1,1,1,1,1,8,8,8,8,8,NA,NA,0.75,NA
"22698106","Pachyptila_vittata","Broad-billed Prion","Pachyptila_vittata","Broad-billed Prion","PROCELLARIIFORMES","Petrels, shearwaters",16,8,13,4,11,660,1,310,3,44,7051.42857142857,83.9727847068833,0.176,0.01
"22728328","Thalassarche_bulleri","Buller's Albatross","Thalassarche_bulleri","Buller's Albatross","PROCELLARIIFORMES","Albatrosses",28,4,16,3,7,308,1,188,2,11,1242.22222222222,35.2451730343635,0.022,0.005
"22698182","Puffinus_bulleri","Buller's Shearwater","Ardenna_bulleri","Buller's Shearwater","PROCELLARIIFORMES","Petrels, shearwaters",3,3,3,1,3,122,1,118,3,40.6666666666667,4486.33333333333,66.9800965461631,0.961,0
"22698132","Bulweria_bulwerii","Bulwer's Petrel","Bulweria_bulwerii","Bulwer's Petrel","PROCELLARIIFORMES","Petrels, shearwaters",3,3,3,2,3,96,19,39,38,32,127,11.2694276695846,0.02,0.001
"22728349","Thalassarche_impavida","Campbell Albatross","Thalassarche_impavida","Campbell Albatross","PROCELLARIIFORMES","Albatrosses",4,1,4,1,2,4,1,1,1,1,0,0,0,0
"22697879","Daption_capense","Cape Petrel","Daption_capense","Cape Petrel","PROCELLARIIFORMES","Petrels, shearwaters",24,11,20,4,18,439,1,90,9,18.2916666666667,590.128623188406,24.2925631251296,0.189,0.051
"22729421","Calonectris_edwardsii","Cape Verde Shearwater","Calonectris_edwardsii","Cape Verde Shearwater","PROCELLARIIFORMES","Petrels, shearwaters",1,1,1,1,1,3,3,3,3,3,NA,NA,0.33,NA
"22698393","Thalassarche_eremita","Chatham Albatross","Thalassarche_eremita","Chatham Albatross","PROCELLARIIFORMES","Albatrosses",1,1,1,1,1,1,1,1,1,1,NA,NA,0,NA
"22698222","Puffinus_nativitatis","Christmas Shearwater","Puffinus_nativitatis","Christmas Shearwater","PROCELLARIIFORMES","Petrels, shearwaters",5,4,5,3,4,228,2,182,5,45.6,6015.3,77.5583651194376,0.044,0.01
"22697987","Pterodroma_brevipes","Collared Petrel","Pterodroma_brevipes","Collared Petrel","PROCELLARIIFORMES","Petrels, shearwaters",1,1,1,1,1,3,3,3,3,3,NA,NA,0.667,NA
"22698300","Pelecanoides_urinatrix","Common Diving-petrel","Pelecanoides_urinatrix","Common Diving-petrel","PROCELLARIIFORMES","Petrels, shearwaters",16,6,14,4,7,103,1,53,2,6.86666666666667,183.409523809524,13.5428772352674,0.029,0.004
"22697975","Pterodroma_cookii","Cook's Petrel","Pterodroma_cookii","Cook's Petrel","PROCELLARIIFORMES","Petrels, shearwaters",11,5,9,4,6,72,1,55,1,7.2,288.4,16.982343772283,0.361,0.02
"22698477","Hydrobates_pelagicus","European Storm-petrel","Hydrobates_pelagicus","European Storm-petrel","PROCELLARIIFORMES","Northern storm-petrels",3,3,3,2,2,22,1,21,11,11,200,14.142135623731,0,0
"22698124","Pachyptila_turtur","Fairy Prion","Pachyptila_turtur","Fairy Prion","PROCELLARIIFORMES","Petrels, shearwaters",38,4,15,4,10,1102,1,819,2,29.7837837837838,17976.6186186186,134.076913070889,0.341,0.011
"22698188","Puffinus_carneipes","Flesh-footed Shearwater","Ardenna_carneipes","Flesh-footed Shearwater","PROCELLARIIFORMES","Petrels, shearwaters",44,7,10,5,21,710,1,136,5,16.1363636363636,905.283298097252,30.0879261182497,0.557,0.15
"22698249","Puffinus_gavia","Fluttering Shearwater","Puffinus_gavia","Fluttering Shearwater","PROCELLARIIFORMES","Petrels, shearwaters",18,2,10,3,7,81,1,39,1,4.5,81.7941176470588,9.04401004240148,0.148,0.073
"22698572","Oceanodroma_furcata","Fork-tailed Storm-petrel","Hydrobates_furcatus","Fork-tailed Storm-petrel","PROCELLARIIFORMES","Northern storm-petrels",4,4,3,2,4,41,8,21,12,13.6666666666667,44.3333333333333,6.65832811847939,0.927,0.005
"22698020","Pterodroma_phaeopygia","Galapagos Petrel","Pterodroma_phaeopygia","Galapagos Petrel","PROCELLARIIFORMES","Petrels, shearwaters",1,1,1,1,1,2,2,2,2,2,NA,NA,0.5,NA
"22698201","Puffinus_gravis","Great Shearwater","Ardenna_gravis","Great Shearwater","PROCELLARIIFORMES","Petrels, shearwaters",24,18,19,4,20,610,1,110,17,26.5217391304348,874.442687747036,29.5709771185708,0.636,0.052
"45048812","Pterodroma_macroptera","Great-winged Petrel","Pterodroma_macroptera","Great-winged Petrel","PROCELLARIIFORMES","Petrels, shearwaters",9,6,8,4,8,221,1,110,1.5,27.625,2090.83928571429,45.7256961206091,0.127,0.001
"22698159","Procellaria_cinerea","Grey Petrel","Procellaria_cinerea","Grey Petrel","PROCELLARIIFORMES","Petrels, shearwaters",5,2,2,3,3,12,1,5,2,2.4,2.8,1.67332005306815,0.083,0.011
"22729148","Garrodia_nereis","Grey-backed Storm-petrel","Garrodia_nereis","Grey-backed Storm-petrel","PROCELLARIIFORMES","Southern storm-petrels",3,3,3,1,3,23,11,12,11.5,11.5,0.5,0.707106781186548,0.304,0.001
"22698398","Thalassarche_chrysostoma","Grey-headed Albatross","Thalassarche_chrysostoma","Grey-headed Albatross","PROCELLARIIFORMES","Albatrosses",5,4,5,3,4,187,1,170,1,37.4,5526.3,74.3390879685781,0.013,0.001
"22728442","Pterodroma_atrata","Henderson Petrel","Pterodroma_atrata","Henderson Petrel","PROCELLARIIFORMES","Petrels, shearwaters",1,1,1,1,1,29,29,29,29,29,NA,NA,0,NA
"22698252","Puffinus_huttoni","Hutton's Shearwater","Puffinus_huttoni","Hutton's Shearwater","PROCELLARIIFORMES","Petrels, shearwaters",5,2,4,2,4,6,1,2,1,1.2,0.2,0.447213595499958,0,0
"22728372","Thalassarche_carteri","Indian Yellow-nosed Albatross","Thalassarche_carteri","Indian Yellow-nosed Albatross","PROCELLARIIFORMES","Albatrosses",1,1,1,1,1,77,77,77,77,77,NA,NA,0.019,NA
"22698030","Pterodroma_externa","Juan Fernandez Petrel","Pterodroma_externa","Juan Fernandez Petrel","PROCELLARIIFORMES","Petrels, shearwaters",2,2,2,1,2,287,104,183,143.5,143.5,3120.5,55.8614357137373,0.007,0
"22697888","Lugensa_brevirostris","Kerguelen Petrel","Aphrodroma_brevirostris","Kerguelen Petrel","PROCELLARIIFORMES","Petrels, shearwaters",9,6,9,4,7,119,1,63,7,14.875,450.410714285714,21.2228818562822,0.169,0.015
"22698027","Pterodroma_neglecta","Kermadec Petrel","Pterodroma_neglecta","Kermadec Petrel","PROCELLARIIFORMES","Petrels, shearwaters",3,3,3,2,3,46,8,27,11,15.3333333333333,104.333333333333,10.2143689640297,0.041,0.001
"22698365","Phoebastria_immutabilis","Laysan Albatross","Phoebastria_immutabilis","Laysan Albatross","PROCELLARIIFORMES","Albatrosses",19,13,13,3,13,1021,1,233,35,56.7222222222222,4450.4477124183,66.7116759826816,0.913,0.007
"22698511","Oceanodroma_leucorhoa","Leach's Storm-petrel","Hydrobates_leucorhous","Leach's Storm-petrel","PROCELLARIIFORMES","Northern storm-petrels",20,14,11,4,14,2744,1,749,9,137.2,55099.3263157895,234.73245688611,0.353,0.15
"22698448","Phoebetria_palpebrata","Light-mantled Albatross","Phoebetria_palpebrata","Light-mantled Albatross","PROCELLARIIFORMES","Albatrosses",6,4,6,4,5,38,1,32,1,6.33333333333333,158.266666666667,12.5804080484961,0.026,0.026
"45959011","Puffinus_assimilis","Little Shearwater","Puffinus_assimilis","Little Shearwater","PROCELLARIIFORMES","Petrels, shearwaters",13,4,9,3,9,40,1,15,1,3.07692307692308,23.7435897435897,4.87273944958991,0.2,0.117
"22698288","Pelecanoides_magellani","Magellanic Diving-petrel","Pelecanoides_magellani","Magellanic Diving-petrel","PROCELLARIIFORMES","Petrels, shearwaters",1,1,1,1,1,1,1,1,1,1,NA,NA,0,NA
"22698226","Puffinus_puffinus","Manx Shearwater","Puffinus_puffinus","Manx Shearwater","PROCELLARIIFORMES","Petrels, shearwaters",13,9,8,4,10,112,1,25,5.5,9.33333333333333,81.8787878787879,9.04868984321973,0.475,0.091
"22698543","Oceanodroma_markhami","Markham's Storm-petrel","Hydrobates_markhami","Markham's Storm-petrel","PROCELLARIIFORMES","Northern storm-petrels",2,2,2,2,2,107,12,95,53.5,53.5,3444.5,58.6898628384834,0.036,0
"22697963","Pterodroma_inexpectata","Mottled Petrel","Pterodroma_inexpectata","Mottled Petrel","PROCELLARIIFORMES","Petrels, shearwaters",7,5,6,2,6,15,1,5,1,2.14285714285714,2.80952380952381,1.67616341969505,0.267,0.124
"22698039","Pterodroma_ultima","Murphy's Petrel","Pterodroma_ultima","Murphy's Petrel","PROCELLARIIFORMES","Petrels, shearwaters",3,3,3,2,3,65,5,37,23,21.6666666666667,257.333333333333,16.0416125540213,0.122,0.002
"22698240","Puffinus_newelli","Newell's Shearwater","Puffinus_newelli","Newell's Shearwater","PROCELLARIIFORMES","Petrels, shearwaters",1,1,1,1,1,30,30,30,30,30,NA,NA,0.5,NA
"22697866","Fulmarus_glacialis","Northern Fulmar","Fulmarus_glacialis","Northern Fulmar","PROCELLARIIFORMES","Petrels, shearwaters",43,28,32,5,25,3968,3,842,39.5,94.4761904761905,27499.475029036,165.829656663204,0.837,0.033
"22697859","Macronectes_halli","Northern Giant Petrel","Macronectes_halli","Northern Giant Petrel","PROCELLARIIFORMES","Petrels, shearwaters",6,4,6,3,5,50,1,42,1,8.33333333333333,273.466666666667,16.5368275877408,0.12,0.036
"22728323","Diomedea_sanfordi","Northern Royal Albatross","Diomedea_sanfordi","Northern Royal Albatross","PROCELLARIIFORMES","Albatrosses",1,1,1,1,1,36,36,36,36,36,NA,NA,0.389,NA
"22698001","Pterodroma_alba","Phoenix Petrel","Pterodroma_alba","Phoenix Petrel","PROCELLARIIFORMES","Petrels, shearwaters",2,2,2,1,2,30,11,19,15,15,32,5.65685424949238,0,0
"22698195","Puffinus_creatopus","Pink-footed Shearwater","Ardenna_creatopus","Pink-footed Shearwater","PROCELLARIIFORMES","Petrels, shearwaters",3,2,2,2,2,6,1,5,3,3,8,2.82842712474619,0.417,0.082
"22698471","Nesofregetta_fuliginosa","Polynesian Storm-petrel","Nesofregetta_fuliginosa","Polynesian Storm-petrel","PROCELLARIIFORMES","Southern storm-petrels",2,2,2,1,2,22,8,14,11,11,18,4.24264068711928,0,0
"22698042","Pterodroma_solandri","Providence Petrel","Pterodroma_solandri","Providence Petrel","PROCELLARIIFORMES","Petrels, shearwaters",4,3,3,3,4,112,1,61,25,28,964.666666666667,31.0590834807897,0.118,0.003
"22697984","Pterodroma_pycrofti","Pycroft's Petrel","Pterodroma_pycrofti","Pycroft's Petrel","PROCELLARIIFORMES","Petrels, shearwaters",2,2,2,2,2,7,2,5,3.5,3.5,4.5,2.12132034355964,0.429,0.002
"22698567","Oceanodroma_hornbyi","Ringed Storm-petrel","Hydrobates_hornbyi","Ringed Storm-petrel","PROCELLARIIFORMES","Northern storm-petrels",1,1,1,1,1,1,1,1,1,1,NA,NA,0,NA
"22698388","Thalassarche_salvini","Salvin's Albatross","Thalassarche_salvini","Salvin's Albatross","PROCELLARIIFORMES","Albatrosses",12,2,6,2,4,148,1,104,3,12.3333333333333,849.69696969697,29.1495620841372,0.014,0
"104062546","Pachyptila_salvini","Salvin's Prion","Pachyptila_salvini","Salvin's Prion","PROCELLARIIFORMES","Petrels, shearwaters",12,5,6,4,7,721,1,663,2,65.5454545454545,39340.2727272727,198.343824525173,0.233,0.014
"45061132","Calonectris_diomedea","Scopoli's Shearwater","Calonectris_diomedea","Scopoli's Shearwater","PROCELLARIIFORMES","Petrels, shearwaters",12,9,9,5,11,627,1,185,15.5,52.25,4166.93181818182,64.5517762589212,0.68,0.089
"22698335","Phoebastria_albatrus","Short-tailed Albatross","Phoebastria_albatrus","Short-tailed Albatross","PROCELLARIIFORMES","Albatrosses",2,2,1,1,0,11,11,11,11,11,NA,NA,0.636,0
"22698216","Puffinus_tenuirostris","Short-tailed Shearwater","Ardenna_tenuirostris","Short-tailed Shearwater","PROCELLARIIFORMES","Petrels, shearwaters",103,17,25,5,27,1954,1,330,3,19.156862745098,2394.2325761988,48.9308959267945,0.763,0.026
"22729604","Thalassarche_cauta","Shy Albatross","Thalassarche_cauta","Shy Albatross","PROCELLARIIFORMES","Albatrosses",49,5,24,5,14,1250,1,601,1,25.5102040816327,12953.9634353741,113.815479770434,0.018,0.001
"22698119","Pachyptila_belcheri","Slender-billed Prion","Pachyptila_belcheri","Slender-billed Prion","PROCELLARIIFORMES","Petrels, shearwaters",19,8,13,4,9,279,1,152,5,14.6842105263158,1203.00584795322,34.6843746945684,0.323,0.09
"22697885","Pagodroma_nivea","Snow Petrel","Pagodroma_nivea","Snow Petrel","PROCELLARIIFORMES","Petrels, shearwaters",7,3,6,3,4,551,22,139,77,78.7142857142857,2599.57142857143,50.985992474124,0.019,0
"22698080","Pterodroma_mollis","Soft-plumaged Petrel","Pterodroma_mollis","Soft-plumaged Petrel","PROCELLARIIFORMES","Petrels, shearwaters",5,4,4,3,5,50,1,29,1,10,167,12.9228479833201,0.18,0.034
"22698431","Phoebetria_fusca","Sooty Albatross","Phoebetria_fusca","Sooty Albatross","PROCELLARIIFORMES","Albatrosses",4,4,4,2,4,119,1,73,22.5,29.75,1074.25,32.7757532331448,0.008,0
"22698209","Puffinus_griseus","Sooty Shearwater","Ardenna_grisea","Sooty Shearwater","PROCELLARIIFORMES","Petrels, shearwaters",108,21,35,3,31,1840,1,543,3,17.196261682243,3525.80074061012,59.3784535047025,0.599,0.071
"22698293","Pelecanoides_georgicus","South Georgia Diving-petrel","Pelecanoides_georgicus","South Georgia Diving-petrel","PROCELLARIIFORMES","Petrels, shearwaters",2,2,2,1,2,12,2,10,6,6,32,5.65685424949238,0,0
"22697870","Fulmarus_glacialoides","Southern Fulmar","Fulmarus_glacialoides","Southern Fulmar","PROCELLARIIFORMES","Petrels, shearwaters",14,7,12,3,9,243,1,49,11,17.3571428571429,357.016483516484,18.8948798227584,0.169,0.058
"22697852","Macronectes_giganteus","Southern Giant Petrel","Macronectes_giganteus","Southern Giant Petrel","PROCELLARIIFORMES","Petrels, shearwaters",20,10,16,5,12,249,1,123,2,12.45,933.102631578947,30.5467286559289,0.326,0.096
"22698314","Diomedea_epomophora","Southern Royal Albatross","Diomedea_epomophora","Southern Royal Albatross","PROCELLARIIFORMES","Albatrosses",5,4,5,3,4,27,1,23,1.5,6.75,117.583333333333,10.8435848930754,0.185,0.01
"22728437","Procellaria_conspicillata","Spectacled Petrel","Procellaria_conspicillata","Spectacled Petrel","PROCELLARIIFORMES","Petrels, shearwaters",3,3,2,1,3,19,3,9,7,6.33333333333333,9.33333333333333,3.05505046330389,0.259,0.002
"22697997","Pterodroma_longirostris","Stejneger's Petrel","Pterodroma_longirostris","Stejneger's Petrel","PROCELLARIIFORMES","Petrels, shearwaters",3,3,3,1,3,72,1,46,25,24,507,22.5166604983954,0.667,0.013
"22698172","Calonectris_leucomelas","Streaked Shearwater","Calonectris_leucomelas","Streaked Shearwater","PROCELLARIIFORMES","Petrels, shearwaters",1,1,1,1,1,2,2,2,2,2,NA,NA,0,NA
"22697925","Pseudobulweria_rostrata","Tahiti Petrel","Pseudobulweria_rostrata","Tahiti Petrel","PROCELLARIIFORMES","Petrels, shearwaters",3,3,3,2,3,189,1,121,67,63,3612,60.0999168052669,0.011,0
"22698005","Pterodroma_arminjoniana","Trindade Petrel","Pterodroma_arminjoniana","Trindade Petrel","PROCELLARIIFORMES","Petrels, shearwaters",3,3,3,2,3,23,1,11,11,7.66666666666667,33.3333333333333,5.77350269189626,0,0
"22728364","Diomedea_dabbenena","Tristan Albatross","Diomedea_dabbenena","Tristan Albatross","PROCELLARIIFORMES","Albatrosses",4,4,4,2,4,14,1,6,3.5,3.5,5.66666666666667,2.38047614284762,0.141,0.029
"22698535","Oceanodroma_tristrami","Tristram's Storm-petrel","Hydrobates_tristrami","Tristram's Storm-petrel","PROCELLARIIFORMES","Northern storm-petrels",5,4,3,4,4,106,4,57,17,21.2,432.7,20.8014422576897,0.697,0.13
"22698305","Diomedea_exulans","Wandering Albatross","Diomedea_exulans","Wandering Albatross","PROCELLARIIFORMES","Albatrosses",16,11,13,5,14,297,1,156,3,21.2142857142857,1746.7967032967,41.7946970714791,0.157,0.041
"22698320","Phoebastria_irrorata","Waved Albatross","Phoebastria_irrorata","Waved Albatross","PROCELLARIIFORMES","Albatrosses",1,1,1,1,1,40,40,40,40,40,NA,NA,0.07,NA
"22698496","Oceanodroma_tethys","Wedge-rumped Storm-petrel","Hydrobates_tethys","Wedge-rumped Storm-petrel","PROCELLARIIFORMES","Northern storm-petrels",2,2,2,1,2,472,176,296,236,236,7200,84.8528137423857,0.006,0
"22698175","Puffinus_pacificus","Wedge-tailed Shearwater","Ardenna_pacifica","Wedge-tailed Shearwater","PROCELLARIIFORMES","Petrels, shearwaters",22,12,16,4,11,1018,4,233,26,46.2727272727273,4107.16017316017,64.0871295437717,0.111,0.025
"22698155","Procellaria_westlandica","Westland Petrel","Procellaria_westlandica","Westland Petrel","PROCELLARIIFORMES","Petrels, shearwaters",7,1,3,2,3,15,1,5,1,2.14285714285714,2.80952380952381,1.67616341969505,0.067,0.031
"22698465","Fregetta_grallaria","White-bellied Storm-petrel","Fregetta_grallaria","White-bellied Storm-petrel","PROCELLARIIFORMES","Southern storm-petrels",5,5,5,3,5,147,8,95,13,29.4,1357.3,36.8415526274341,0.075,0.031
"22729609","Thalassarche_steadi","White-capped Albatross","Thalassarche_steadi","White-capped Albatross","PROCELLARIIFORMES","Albatrosses",3,3,3,2,3,209,1,191,17,69.6666666666667,11105.3333333333,105.381845368798,0.009,0
"22698140","Procellaria_aequinoctialis","White-chinned Petrel","Procellaria_aequinoctialis","White-chinned Petrel","PROCELLARIIFORMES","Petrels, shearwaters",44,16,21,5,24,1924,1,526,8.5,43.7272727272727,10682.5285412262,103.356318342065,0.159,0.052
"22698453","Pelagodroma_marina","White-faced Storm-petrel","Pelagodroma_marina","White-faced Storm-petrel","PROCELLARIIFORMES","Southern storm-petrels",11,8,9,4,7,389,1,263,14,38.9,6430.54444444444,80.1906755455049,0.693,0.002
"22698055","Pterodroma_lessonii","White-headed Petrel","Pterodroma_lessonii","White-headed Petrel","PROCELLARIIFORMES","Petrels, shearwaters",7,2,5,3,6,8,1,2,1,1.14285714285714,0.142857142857143,0.377964473009227,0.25,0.143
"22697957","Pterodroma_cervicalis","White-necked Petrel","Pterodroma_cervicalis","White-necked Petrel","PROCELLARIIFORMES","Petrels, shearwaters",4,4,4,2,3,24,1,12,5.5,6,34,5.8309518948453,0.083,0.001
"22698442","Oceanites_gracilis","White-vented Storm-petrel","Oceanites_gracilis","White-vented Storm-petrel","PROCELLARIIFORMES","Southern storm-petrels",1,1,1,1,1,2,2,2,2,2,NA,NA,0,NA
"22697970","Pterodroma_leucoptera","White-winged Petrel","Pterodroma_leucoptera","White-winged Petrel","PROCELLARIIFORMES","Petrels, shearwaters",6,2,4,1,4,10,1,3,1.5,1.66666666666667,0.666666666666667,0.816496580927726,0.6,0.193
"22698436","Oceanites_oceanicus","Wilson's Storm-petrel","Oceanites_oceanicus","Wilson's Storm-petrel","PROCELLARIIFORMES","Southern storm-petrels",11,5,7,4,6,265,4,51,16,24.0909090909091,327.890909090909,18.107758256916,0.215,0.049
"22698230","Puffinus_yelkouan","Yelkouan Shearwater","Puffinus_yelkouan","Yelkouan Shearwater","PROCELLARIIFORMES","Petrels, shearwaters",1,1,1,1,1,31,31,31,31,31,NA,NA,0.71,NA
"22697758","Pygoscelis_adeliae","Adelie Penguin","Pygoscelis_adeliae","Adelie Penguin","SPHENISCIFORMES","Penguins",5,2,5,2,2,110,5,60,10,22,545.5,23.3559414282533,0,0
"22697810","Spheniscus_demersus","African Penguin","Spheniscus_demersus","African Penguin","SPHENISCIFORMES","Penguins",1,1,1,1,1,210,210,210,210,210,NA,NA,0,NA
"22697761","Pygoscelis_antarcticus","Chinstrap Penguin","Pygoscelis_antarcticus","Chinstrap Penguin","SPHENISCIFORMES","Penguins",1,1,1,1,1,6,6,6,6,6,NA,NA,0,NA
"22697752","Aptenodytes_forsteri","Emperor Penguin","Aptenodytes_forsteri","Emperor Penguin","SPHENISCIFORMES","Penguins",3,2,3,2,2,25,8,17,12.5,12.5,40.5,6.36396103067893,0,0
"22697755","Pygoscelis_papua","Gentoo Penguin","Pygoscelis_papua","Gentoo Penguin","SPHENISCIFORMES","Penguins",2,2,2,2,2,219,5,214,109.5,109.5,21840.5,147.785317267988,0,0
"22697817","Spheniscus_humboldti","Humboldt Penguin","Spheniscus_humboldti","Humboldt Penguin","SPHENISCIFORMES","Penguins",1,1,1,1,1,30,30,30,30,30,NA,NA,0,NA
"22697748","Aptenodytes_patagonicus","King Penguin","Aptenodytes_patagonicus","King Penguin","SPHENISCIFORMES","Penguins",1,1,1,1,1,150,150,150,150,150,NA,NA,0,NA
"22697805","Eudyptula_minor","Little Penguin","Eudyptula_minor","Little Penguin","SPHENISCIFORMES","Penguins",2,2,2,1,2,124,124,124,124,124,NA,NA,0,0
"22697793","Eudyptes_chrysolophus","Macaroni Penguin","Eudyptes_chrysolophus","Macaroni Penguin","SPHENISCIFORMES","Penguins",1,1,1,1,1,46,46,46,46,46,NA,NA,0,NA
"22697822","Spheniscus_magellanicus","Magellanic Penguin","Spheniscus_magellanicus","Magellanic Penguin","SPHENISCIFORMES","Penguins",11,6,6,4,8,783,1,213,57,71.1818181818182,5504.76363636364,74.1940943496424,0.258,0.073
"22734408","Eudyptes_moseleyi","Northern Rockhopper Penguin","Eudyptes_moseleyi","Northern Rockhopper Penguin","SPHENISCIFORMES","Penguins",1,1,1,1,1,12,12,12,12,12,NA,NA,0,NA
"22735250","Eudyptes_chrysocome","Southern Rockhopper Penguin","Eudyptes_chrysocome","Southern Rockhopper Penguin","SPHENISCIFORMES","Penguins",1,1,1,1,1,177,177,177,177,177,NA,NA,0.011,NA
"22697800","Megadyptes_antipodes","Yellow-eyed Penguin","Megadyptes_antipodes","Yellow-eyed Penguin","SPHENISCIFORMES","Penguins",1,1,1,1,1,124,124,124,124,124,NA,NA,0,NA
"22696675","Morus_serrator","Australasian Gannet","Morus_serrator","Australasian Gannet","SULIFORMES","Gannets, boobies",3,1,2,2,1,14,1,10,3,4.66666666666667,22.3333333333333,4.72581562625261,0,0
"22696766","Phalacrocorax_neglectus","Bank Cormorant","Phalacrocorax_neglectus","Bank Cormorant","SULIFORMES","Cormorants",1,1,1,1,1,167,167,167,167,167,NA,NA,0.006,NA
"22696698","Sula_leucogaster","Brown Booby","Sula_leucogaster","Brown Booby","SULIFORMES","Gannets, boobies",8,3,3,4,5,291,1,244,6,36.375,7059.41071428571,84.0202994179723,0.027,0.008
"22696806","Phalacrocorax_capensis","Cape Cormorant","Phalacrocorax_capensis","Cape Cormorant","SULIFORMES","Cormorants",1,1,1,1,1,239,239,239,239,239,NA,NA,0,NA
"22696668","Morus_capensis","Cape Gannet","Morus_capensis","Cape Gannet","SULIFORMES","Gannets, boobies",1,1,1,1,1,5,5,5,5,5,NA,NA,0,NA
"22696730","Phalacrocorax_coronatus","Crowned Cormorant","Microcarbo_coronatus","Crowned Cormorant","SULIFORMES","Cormorants",1,1,1,1,1,24,24,24,24,24,NA,NA,0,NA
"22696776","Phalacrocorax_auritus","Double-crested Cormorant","Phalacrocorax_auritus","Double-crested Cormorant","SULIFORMES","Cormorants",3,2,2,3,3,6,1,4,1,2,3,1.73205080756888,0,0
"22696894","Phalacrocorax_aristotelis","European Shag","Phalacrocorax_aristotelis","European Shag","SULIFORMES","Cormorants",2,2,2,2,1,10,10,10,10,10,NA,NA,0.1,0
"22696792","Phalacrocorax_carbo","Great Cormorant","Phalacrocorax_carbo","Great Cormorant","SULIFORMES","Cormorants",2,2,2,2,2,93,1,92,46.5,46.5,4140.5,64.3467170879758,0.032,0
"22697733","Fregata_minor","Great Frigatebird","Fregata_minor","Great Frigatebird","SULIFORMES","Frigatebirds",3,3,3,3,3,332,3,284,45,110.666666666667,22974.3333333333,151.572864765872,0.024,0.004
"22729686","Phalacrocorax_atriceps","Imperial Shag","Phalacrocorax_atriceps","Imperial Shag","SULIFORMES","Cormorants",4,2,2,2,2,88,1,45,21,22,378,19.4422220952236,0,0
"22697738","Fregata_ariel","Lesser Frigatebird","Fregata_ariel","Lesser Frigatebird","SULIFORMES","Frigatebirds",1,1,1,1,1,1,1,1,1,1,NA,NA,0,NA
"22697724","Fregata_magnificens","Magnificent Frigatebird","Fregata_magnificens","Magnificent Frigatebird","SULIFORMES","Frigatebirds",5,2,2,2,3,11,1,4,2,2.2,1.7,1.30384048104053,0.091,0.091
"22736173","Sula_dactylatra","Masked Booby","Sula_dactylatra","Masked Booby","SULIFORMES","Gannets, boobies",9,5,5,5,9,964,1,305,104,107.111111111111,11956.1111111111,109.34400354437,0.005,0.001
"22696657","Morus_bassanus","Northern Gannet","Morus_bassanus","Northern Gannet","SULIFORMES","Gannets, boobies",6,4,4,3,4,17,1,8,3,3.4,8.3,2.88097205817759,0.12,0.056
"22728950","Phalacrocorax_pelagicus","Pelagic Cormorant","Phalacrocorax_pelagicus","Pelagic Cormorant","SULIFORMES","Cormorants",3,3,2,3,3,14,1,10,3,4.66666666666667,22.3333333333333,4.72581562625261,0.143,0.009
"22696887","Phalacrocorax_urile","Red-faced Cormorant","Phalacrocorax_urile","Red-faced Cormorant","SULIFORMES","Cormorants",2,2,1,2,2,18,2,16,9,9,98,9.89949493661167,0,0
"22696694","Sula_sula","Red-footed Booby","Sula_sula","Red-footed Booby","SULIFORMES","Gannets, boobies",6,3,5,4,3,467,1,360,35,77.8333333333333,19385.7666666667,139.232778707698,0.002,0
